name,main_category,sub_category,image,link,ratings,no_of_ratings,discount_price,actual_price,row_ref,supplier_id
"Fabme Women's Metal Adjustable Belt for Saree, Western Dress, Traditional Dress, Party Designer wear (Plain, 2 cm wide)",women's clothing,Clothing,https://m.media-amazon.com/images/W/IMAGERENDERING_521856-T1/images/I/319Kg3gkUdL._AC_UL320_.jpg,https://www.amazon.in/Fabme-Adjustable-Traditional-Designer-ACC-18-20/dp/B08XBRZHSR/ref=sr_1_53?qid=1679152740&s=apparel&sr=1-53,4.0,382,₹129,₹999,A_CLOTH_045,supplier_a
SGF11 Women's Kanjivaram Soft Silk Saree With Blouse Piece,women's clothing,Clothing,https://m.media-amazon.com/images/W/IMAGERENDERING_521856-T1/images/I/712r6exQc+L._AC_UL320_.jpg,https://www.amazon.in/SGF11-Womens-Kanjivaram-Saree-Blouse/dp/B09YRR7W3G/ref=sr_1_56?qid=1679152740&s=apparel&sr=1-56,3.6,904,₹949,"₹5,999",A_CLOTH_048,supplier_a
"Izaan Mart Women's Retro Driving Rectangular Sunglasses Black Frame, Black Lens (Medium) Set of 1",women's clothing,Clothing,https://m.media-amazon.com/images/W/IMAGERENDERING_521856-T1/images/I/51-a2L6DsIS._AC_UL320_.jpg,https://www.amazon.in/Izaan-Women-Driving-Rectangular-Sunglasses/dp/B096S16G1G/ref=sr_1_9_mod_primary_new?qid=1679152740&s=apparel&sbo=RZvfv%2F%2FHxDF%2BO5021pAnSA%3D%3D&sr=1-9,3.9,357,₹160,"₹1,999",A_CLOTH_005,supplier_a
KeepCart Women Tummy Control Shapewear High Waist Trainer Thigh Slimmer,women's clothing,Clothing,https://m.media-amazon.com/images/I/613QQQK6MHL._AC_UL320_.jpg,https://www.amazon.in/KeepCart-Shapewear-Underwear-Rolling-Slimming/dp/B08ZHJ3T77/ref=sr_1_60?qid=1679152742&s=apparel&sr=1-60,4.1,"2,480",₹397,₹699,A_CLOTH_056,supplier_a
FLYNGO 2 Pair Nipple Covers Reusable Comfortable Invisible Adhesive Silicone Pasties for Women,women's clothing,Clothing,https://m.media-amazon.com/images/W/IMAGERENDERING_521856-T1/images/I/416cz5MDANL._AC_UL320_.jpg,https://www.amazon.in/FLYNGO-Reusable-Comfortable-Invisible-Adhesive/dp/B0BVMPK93V/ref=sr_1_35?qid=1679152740&s=apparel&sr=1-35,4.9,55,₹275,₹599,A_CLOTH_027,supplier_a
GoSriKi Women's Woven Georgette Saree (BND-Multi GO_Multicolour),women's clothing,Clothing,https://m.media-amazon.com/images/I/51ht5m2xeiL._AC_UL320_.jpg,https://www.amazon.in/GoSriKi-Womens-Georgette-BND-Multi-GO_Multicolour/dp/B0B63RNRNT/ref=sr_1_73?qid=1679152742&s=apparel&sr=1-73,3.2,364,₹299,"₹2,599",A_CLOTH_065,supplier_a
Janasya Women's Green Poly Chiffon Self Design Flared Kurta,women's clothing,Clothing,https://m.media-amazon.com/images/I/61hHzoAOjzL._AC_UL320_.jpg,https://www.amazon.in/Janasya-Womens-Chiffon-Design-Flared/dp/B09SDY8DCT/ref=sr_1_82?qid=1679152742&s=apparel&sr=1-82,4.1,"1,124",₹659,"₹2,599",A_CLOTH_074,supplier_a
SHOPPY VILLA WITH SV LOGO Women Camisole (Comi-Secret_Multicolour_Free Size),women's clothing,Clothing,https://m.media-amazon.com/images/W/IMAGERENDERING_521856-T1/images/I/61+aEr8p4mL._AC_UL320_.jpg,https://www.amazon.in/SHOPPY-VILLA-Ladies-Secret-3_Black/dp/B079HR78GS/ref=sr_1_15?qid=1679152740&s=apparel&sr=1-15,4.1,"1,086",₹279,₹499,A_CLOTH_011,supplier_a
Rangnavi Women Rayon Anarkali Embroidered Printed Kurta Pant and Dupatta Set,women's clothing,Clothing,https://m.media-amazon.com/images/W/IMAGERENDERING_521856-T1/images/I/41HnNEzSeCL._AC_UL320_.jpg,https://www.amazon.in/Rangnavi-Anarkali-Embroidered-Printed-Dupatta/dp/B0BPY6JKN7/ref=sr_1_49?qid=1679152740&s=apparel&sr=1-49,3.9,159,₹845,"₹2,499",A_CLOTH_041,supplier_a
"ishin Women's Faux Georgette Saree With Blouse Piece (Ishinsp-Ss-128, Beige & Pink, Free Size)",women's clothing,Clothing,https://m.media-amazon.com/images/I/81vs9El8VVL._AC_UL320_.jpg,https://www.amazon.in/ishin-Womens-Georgette-Blouse-Ishinsp-Ss-128/dp/B073Y63Z9S/ref=sr_1_112?qid=1679152743&s=apparel&sr=1-112,2.6,5,₹589.41,₹999,A_CLOTH_108,supplier_a
FIMALIA Women's Cotton Clip-on Mock Lace Camisole Cami Secret (Free Size) - Set of 3,women's clothing,Clothing,https://m.media-amazon.com/images/W/IMAGERENDERING_521856-T1/images/I/61Hqt5RGQ+L._AC_UL320_.jpg,https://www.amazon.in/FIMALIA-Womens-Camisole-Cami-Secret-1-F_Black-Skin_Free/dp/B0B6PX1HZP/ref=sr_1_27?qid=1679152740&s=apparel&sr=1-27,4.1,234,₹279,₹500,A_CLOTH_019,supplier_a
Enamor Mid Waist Cotton Panty,women's clothing,Clothing,https://m.media-amazon.com/images/I/71PgX1HS-xL._AC_UL320_.jpg,https://www.amazon.in/Enamor-Womens-Panty-Pack-CR17_Multicolordark_L/dp/B07Y8VJCYL/ref=sr_1_67?qid=1679152742&s=apparel&sr=1-67,3.9,"7,489",,₹579,A_CLOTH_063,supplier_a
Rushwak Boob Tape with 10 Nipple Pasties & 36 Fashion Tape Multipurpose Body Tape for Women Push Up & Lifting Breast Tape ...,women's clothing,Clothing,https://m.media-amazon.com/images/W/IMAGERENDERING_521856-T1/images/I/71-0VVomB-L._AC_UL320_.jpg,https://www.amazon.in/Rushwak-Pasties-Fashion-Multipurpose-Lifting/dp/B0B1F3PRRH/ref=sr_1_16?qid=1679152740&s=apparel&sr=1-16,4.0,696,₹499,₹999,A_CLOTH_012,supplier_a
Vaamsi Women's Cotton Blend Printed Kurta Pant Dupatta Set (VKSKD1171_Green),women's clothing,Clothing,https://m.media-amazon.com/images/W/IMAGERENDERING_521856-T1/images/I/71ntNcW3OhL._AC_UL320_.jpg,https://www.amazon.in/Vaamsi-Womens-Printed-Dupatta-VKSKD1171_L_Green/dp/B09BFFMXDN/ref=sr_1_45?qid=1679152740&s=apparel&sr=1-45,3.9,786,₹679,"₹3,497",A_CLOTH_037,supplier_a
"ishin Women's Faux Georgette Saree With Blouse Piece (Ishinsp-Ss-128, Beige & Pink, Free Size)",women's clothing,Clothing,https://m.media-amazon.com/images/I/81vs9El8VVL._AC_UL320_.jpg,https://www.amazon.in/ishin-Womens-Georgette-Blouse-Ishinsp-Ss-128/dp/B073Y63Z9S/ref=sr_1_98?qid=1679152742&s=apparel&sr=1-98,2.6,5,₹589.41,₹999,A_CLOTH_090,supplier_a
ANNI DESIGNER Women's Cotton Blend Straight Printed Kurta with Pant (Lochna-Nw31),women's clothing,Clothing,https://m.media-amazon.com/images/I/61IzrpxjBfL._AC_UL320_.jpg,https://www.amazon.in/ANNI-DESIGNER-Straight-Printed-Grey_Medium/dp/B0B9L4PJHR/ref=sr_1_100?qid=1679152742&s=apparel&sr=1-100,3.8,778,₹419,"₹2,599",A_CLOTH_092,supplier_a
ANNI DESIGNER Women's Cotton Blend Straight Printed Kurta with Pant (Lochna-Nw31),women's clothing,Clothing,https://m.media-amazon.com/images/I/61IzrpxjBfL._AC_UL320_.jpg,https://www.amazon.in/ANNI-DESIGNER-Straight-Printed-Grey_Medium/dp/B0B9L4PJHR/ref=sr_1_114?qid=1679152743&s=apparel&sr=1-114,3.8,778,₹419,"₹2,599",A_CLOTH_110,supplier_a
"dclub Nipple Covers Reusable Comfortable & Natural Invisible Adhesive Silicone Pasties for Women, Round (Skin)",women's clothing,Clothing,https://m.media-amazon.com/images/W/IMAGERENDERING_521856-T1/images/I/51M087p7ktL._AC_UL320_.jpg,https://www.amazon.in/dclub-Reusable-Comfortable-Invisible-Adhesive/dp/B09TFP288T/ref=sr_1_5_mod_primary_new?qid=1679152740&s=apparel&sbo=RZvfv%2F%2FHxDF%2BO5021pAnSA%3D%3D&sr=1-5,4.3,"2,880",₹191,"₹1,200",A_CLOTH_001,supplier_a
SGF11 Women's Kanjivaram Soft Silk Saree With Blouse Piece,women's clothing,Clothing,https://m.media-amazon.com/images/I/61PGFWgswDL._AC_UL320_.jpg,https://www.amazon.in/SGF11-Womens-Kanjivaram-Saree-Blouse/dp/B09SD315VM/ref=sr_1_97?qid=1679152742&s=apparel&sr=1-97,3.6,956,₹649,"₹5,999",A_CLOTH_089,supplier_a
"Boldfit Socks for Men & Women Unisex Stylish Design Sports Socks for Boys & Girls, Cotton Ankle Socks for Men Anti-Slip At...",women's clothing,Clothing,https://m.media-amazon.com/images/I/61Z5T--en-L._AC_UL320_.jpg,https://www.amazon.in/Boldfit-Stylish-Anti-Slip-Athletic-Running/dp/B0BL72KTG9/ref=sr_1_109?qid=1679152743&s=apparel&sr=1-109,4.4,172,₹299,₹499,A_CLOTH_105,supplier_a
Ishin Poly Georgette Black Printed Women's Saree/Sari With Lace,women's clothing,Clothing,https://m.media-amazon.com/images/I/716vFfyRe3L._AC_UL320_.jpg,https://www.amazon.in/Ishin-Georgette-Blouse-Piece-Ishinsidm-48028_Black_Free/dp/B07GCSF8NK/ref=sr_1_74?qid=1679152742&s=apparel&sr=1-74,3.5,123,,,A_CLOTH_066,supplier_a
Jockey Womens Solid Shorts,women's clothing,Clothing,https://m.media-amazon.com/images/W/IMAGERENDERING_521856-T1/images/I/71P4l4Qyo4L._AC_UL320_.jpg,https://www.amazon.in/Jockey-1529-Womens-Shorties-1529_Black_X-Large/dp/B01BSCPMGA/ref=sr_1_54?qid=1679152740&s=apparel&sr=1-54,4.3,"9,281",₹309,₹339,A_CLOTH_046,supplier_a
"FIMALIA 36 & 72 Pc Double Sided Tape for Clothes Bra Stickers One-off Body Skin Tape,Invisible Clear Bra Clothing Tape Str...",women's clothing,Clothing,https://m.media-amazon.com/images/W/IMAGERENDERING_521856-T1/images/I/71vqVTHXebL._AC_UL320_.jpg,https://www.amazon.in/FIMALIA-Stickers-Invisible-Clothing-Friendly/dp/B0B69GVFGF/ref=sr_1_40?qid=1679152740&s=apparel&sr=1-40,3.7,65,₹169,₹500,A_CLOTH_032,supplier_a
Shiv Textiles Women's Pure Georgette Saree With Blouse Piece,women's clothing,Clothing,https://m.media-amazon.com/images/I/717H2HWQ1HL._AC_UL320_.jpg,https://www.amazon.in/Shiv-Textiles-Womens-Georgette-CRUSH-PURPLE_Purple/dp/B09VGX5GR5/ref=sr_1_79?qid=1679152742&s=apparel&sr=1-79,3.8,746,₹699,"₹1,499",A_CLOTH_071,supplier_a
Electomania Women's Silk Underskirt (SH02399_White_Free Size),women's clothing,Clothing,https://m.media-amazon.com/images/W/IMAGERENDERING_521856-T1/images/I/41rS-qOPTwL._AC_UL320_.jpg,https://www.amazon.in/Electomania%C2%AE-Underskirt-Netting-Petticoat-Petticoat-Prom/dp/B07RYTK7LB/ref=sr_1_51?qid=1679152740&s=apparel&sr=1-51,3.8,"3,578","₹1,099","₹1,999",A_CLOTH_043,supplier_a
ANNI DESIGNER Women's Cotton Blend Printed Straight Kurta with Pant (Pustak Blue),women's clothing,Clothing,https://m.media-amazon.com/images/W/IMAGERENDERING_521856-T1/images/I/61q-JREtrAL._AC_UL320_.jpg,https://www.amazon.in/ANNI-DESIGNER-Straight-Pustak-Blue_M_Blue_Medium/dp/B0BV6WSF33/ref=sr_1_17?qid=1679152740&s=apparel&sr=1-17,4.0,37,₹435,"₹2,599",A_CLOTH_013,supplier_a
FIMS - Fashion is my style Bra Hook Extender-2 Hook - 3 Eye (with Extra Elastic) Save Your Bra Increase Band Length-Bra Ex...,women's clothing,Clothing,https://m.media-amazon.com/images/W/IMAGERENDERING_521856-T1/images/I/81v-vugaIUL._AC_UL320_.jpg,https://www.amazon.in/FIMS-Fashion-Womens-Extender-Elastic/dp/B07DD7D3W8/ref=sr_1_20?qid=1679152740&s=apparel&sr=1-20,4.3,"7,870",₹124,₹700,A_CLOTH_016,supplier_a
GRECIILOOKS Western Top for Women - Floral Printed & Split V Neck Short Stand Collar Tee Top for Girls Suitable for Workou...,women's clothing,Clothing,https://m.media-amazon.com/images/I/51YUdTGQZtL._AC_UL320_.jpg,https://www.amazon.in/GRECIILOOKS-Western-Top-Women-Suitable/dp/B0BNJCW93H/ref=sr_1_123?qid=1679152743&s=apparel&sr=1-123,3.2,510,₹349,"₹2,299",A_CLOTH_115,supplier_a
Yashika Women's Full Elastic Cotton Blend Lycra Saree Shapewear Petticoat Free Size,women's clothing,Clothing,https://m.media-amazon.com/images/I/61DplwB9HPL._AC_UL320_.jpg,https://www.amazon.in/Yashika-ShapeWear-Petticoat-SHAPE-BLACK_Free/dp/B09NGWD9TB/ref=sr_1_85?qid=1679152742&s=apparel&sr=1-85,3.3,282,₹189,"₹1,199",A_CLOTH_077,supplier_a
HSR Women Stylish Sleeveless High Mock Neck Stretchable Knit Regular Fit Tank Top (Free Size),women's clothing,Clothing,https://m.media-amazon.com/images/I/51CHzirfbnL._AC_UL320_.jpg,https://www.amazon.in/HSR-Stylish-Sleeveless-Stretchable-Regular/dp/B0B2PHK1JQ/ref=sr_1_102?qid=1679152743&s=apparel&sr=1-102,4.2,742,₹447,₹999,A_CLOTH_098,supplier_a
FIORRA Women's Maroon Poly Crepe A-line Kurta with Pant and Dupatta,women's clothing,Clothing,https://m.media-amazon.com/images/W/IMAGERENDERING_521856-T1/images/I/81271aov+AL._AC_UL320_.jpg,https://www.amazon.in/FIORRA-Womens-Straight-Dupatta-SET0058-S/dp/B0B7SD78YS/ref=sr_1_33?qid=1679152740&s=apparel&sr=1-33,4.1,"2,139",₹810,"₹2,599",A_CLOTH_025,supplier_a
SATYAM KRAFT 1 Pcs Women's Retro Stretchy Metal Buckle Skinny Adjustable Stylish Design Ladies Waist Belts for Fancy Girl...,women's clothing,Clothing,https://m.media-amazon.com/images/I/31J0jBdZCOL._AC_UL320_.jpg,https://www.amazon.in/SATYAM-KRAFT-Womens-Elastic-Stretchy/dp/B08Y6VPZ33/ref=sr_1_87?qid=1679152742&s=apparel&sr=1-87,4.3,"2,488",₹219,"₹1,200",A_CLOTH_079,supplier_a
IFLASH Rectangle Sunglasses for Women Retro Fashion Sunglasses UV 400 Protection Square Frame Eyewear,women's clothing,Clothing,https://m.media-amazon.com/images/W/IMAGERENDERING_521856-T1/images/I/51dOu+j2-yL._AC_UL320_.jpg,https://www.amazon.in/IFLASH-Rectangle-Sunglasses-Fashion-Protection/dp/B0BGJK5Z5M/ref=sr_1_31?qid=1679152740&s=apparel&sr=1-31,3.8,33,₹249,"₹1,999",A_CLOTH_023,supplier_a
"PLUMBURY® Postpartum Post Pregnancy Recovery Waist Trimmer Tummy Control Shapewear Belt, Free Size",women's clothing,Clothing,https://m.media-amazon.com/images/I/41lfPoHOSxL._AC_UL320_.jpg,https://www.amazon.in/PLUMBURY%C2%AE-Postpartum-Pregnancy-Recovery-Shapewear/dp/B07Y8TFTWX/ref=sr_1_101?qid=1679152743&s=apparel&sr=1-101,3.5,863,₹429,"₹1,299",A_CLOTH_097,supplier_a
"SAJANI Boob Tape with 10 Nipple Pasties, multipurpose Body Tape for Women, Push Up & Lifting Breast Tape, Boob Tape for La...",women's clothing,Clothing,https://m.media-amazon.com/images/I/41Y7viJPqlL._AC_UL320_.jpg,https://www.amazon.in/SAJANI-Pasties-multipurpose-Friendly-Adhesive/dp/B0BVBPM7HM/ref=sr_1_61?qid=1679152742&s=apparel&sr=1-61,5.0,2,₹248,₹499,A_CLOTH_057,supplier_a
ANNI DESIGNER Women's Rayon Straight Printed Kurta with Pant & Dupatta (Bulgeriya),women's clothing,Clothing,https://m.media-amazon.com/images/I/61Zcczn8e0L._AC_UL320_.jpg,https://www.amazon.in/ANNI-DESIGNER-Straight-Printed-Bulgeriya-Blue_L_Blue_Large/dp/B0B4NZJ2XG/ref=sr_1_115?qid=1679152743&s=apparel&sr=1-115,3.6,451,₹679,"₹2,599",A_CLOTH_111,supplier_a
Fashnex Waist Belt Made of Neoprene for Women & Men for Tummy Exercise.,women's clothing,Clothing,https://m.media-amazon.com/images/W/IMAGERENDERING_521856-T1/images/I/61UkXKsUs8S._AC_UL320_.jpg,https://www.amazon.in/Fashnex-Sweat-Slim-Neoprene-Women/dp/B08C2CXML7/ref=sr_1_39?qid=1679152740&s=apparel&sr=1-39,4.5,709,₹959.04,"₹2,499",A_CLOTH_031,supplier_a
Creature Black & Green Sunglasses Combo For Men & Women with UV Protection (Lens-Black & Green||Frame-Black||SUN-001-003)...,women's clothing,Clothing,https://m.media-amazon.com/images/I/71CxtNKeTlL._AC_UL320_.jpg,https://www.amazon.in/CREATURE-Wayfarer-Unisex-Sunglasses-Protection/dp/B079Z4FJD7/ref=sr_1_58?qid=1679152742&s=apparel&sr=1-58,3.7,"4,377",₹399,"₹2,499",A_CLOTH_054,supplier_a
Lymio Women Top (526-576),women's clothing,Clothing,https://m.media-amazon.com/images/I/61Fxn7u8yGL._AC_UL320_.jpg,https://www.amazon.in/Lymio-Women-Top-526-576-Peach/dp/B0B82JLXZS/ref=sr_1_127?qid=1679152743&s=apparel&sr=1-127,4.1,"2,849",₹399,"₹1,499",A_CLOTH_119,supplier_a
LEOTUDE Women's Cottonblend Half Sleeve Oversized T-Shirts (Color: Orange),women's clothing,Clothing,https://m.media-amazon.com/images/W/IMAGERENDERING_521856-T1/images/I/61iKv6-unXL._AC_UL320_.jpg,https://www.amazon.in/Leotude-Womens-T-Shirt-22_PNKHEART_S_Grey_Small/dp/B08HJ6ZDC6/ref=sr_1_14?qid=1679152740&s=apparel&sr=1-14,3.6,162,₹309,"₹1,099",A_CLOTH_010,supplier_a
"PURSUE FASHION Premium Cotton Ankle Socks for Men and Women - Free Size, Solid Unisex Ankle Length Socks, Pack of 5 (Multi...",women's clothing,Clothing,https://m.media-amazon.com/images/W/IMAGERENDERING_521856-T1/images/I/71gqkgPxczL._AC_UL320_.jpg,https://www.amazon.in/PURSUE-FASHION-Womens-Ankle-Socks/dp/B0BBG1SWK5/ref=sr_1_42?qid=1679152740&s=apparel&sr=1-42,3.9,66,₹289,₹699,A_CLOTH_034,supplier_a
Adidas Unisex Ankle Length Standard Cotton Socks (Pack of 3) Assorted,women's clothing,Clothing,https://m.media-amazon.com/images/W/IMAGERENDERING_521856-T1/images/I/51Vti5wgA3L._AC_UL320_.jpg,https://www.amazon.in/adidas-Unisex-Ankle-Grip-Socks/dp/B00LQC7GIA/ref=sr_1_34?qid=1679152740&s=apparel&sr=1-34,4.0,"1,968",₹280,₹597,A_CLOTH_026,supplier_a
"Gokru 4-in-1 Shaper - Tummy, Back, Thighs, Hips - Black/Efffective Seamless Tummy Tucker Shapewear Body Shaper Best While/...",women's clothing,Clothing,https://m.media-amazon.com/images/I/61NX3KGkbTL._AC_UL320_.jpg,https://www.amazon.in/Gokru-4-Shaper-Efffective-Shapewear/dp/B0BDVR7353/ref=sr_1_78?qid=1679152742&s=apparel&sr=1-78,3.5,106,₹499.99,₹999,A_CLOTH_070,supplier_a
Alexvyan Women Warm Thick Fur Lined Fleece Thermal Soft Legging Winter Slim Fit Tights Stocking,women's clothing,Clothing,https://m.media-amazon.com/images/W/IMAGERENDERING_521856-T1/images/I/41kY+dxDpzL._AC_UL320_.jpg,https://www.amazon.in/Alexvyan-Fleece-Legging-Thermal-Leggings/dp/B07YR2SVYS/ref=sr_1_37?qid=1679152740&s=apparel&sr=1-37,4.3,"2,258",₹729,"₹1,299",A_CLOTH_029,supplier_a
Galmonde Women's Cotton Clip-on Mock Lace Camisole Cami Secret (Free Size)- Set of 3,women's clothing,Clothing,https://m.media-amazon.com/images/I/61+aEr8p4mL._AC_UL320_.jpg,https://www.amazon.in/Galmonde-Womens-Polyester-Camisole-Secret/dp/B09HNXR3S5/ref=sr_1_103?qid=1679152743&s=apparel&sr=1-103,4.0,98,₹279,₹999,A_CLOTH_099,supplier_a
Lyra Women's Slim Fit Pants (LYRA_KURTIPANT_10_FS_1PC_White_One Size_White),women's clothing,Clothing,https://m.media-amazon.com/images/I/5190YIwgb-L._AC_UL320_.jpg,https://www.amazon.in/LUX-LYRA-Womens-Tapered-LYRA_KURTIPANT_10_FS_1PC_White_One/dp/B07HZCZJ3N/ref=sr_1_94?qid=1679152742&s=apparel&sr=1-94,3.9,"2,204",₹411,₹549,A_CLOTH_086,supplier_a
GLAMORAS Women Camisole (Glcamisecret_Black-White-Beige_Free Size),women's clothing,Clothing,https://m.media-amazon.com/images/W/IMAGERENDERING_521856-T1/images/I/517vKSMkKvL._AC_UL320_.jpg,https://www.amazon.in/Ritu-Creation-Womens-Cotton-Camisole/dp/B07B94Z577/ref=sr_1_10?qid=1679152740&s=apparel&sr=1-10,4.1,668,₹284,₹799,A_CLOTH_006,supplier_a
SIGHTBOMB Heart Neck Extended Sleeves Ribbed Tops for Women,women's clothing,Clothing,https://m.media-amazon.com/images/I/51RQrauiUrL._AC_UL320_.jpg,https://www.amazon.in/SIGHTBOMB-Extended-Sleeves-Ribbed-Small-Medium/dp/B0BHX9DG5C/ref=sr_1_99?qid=1679152742&s=apparel&sr=1-99,3.8,112,₹389,"₹1,200",A_CLOTH_091,supplier_a
"Skudgear Best Lightweight Headband Workout Sweatbands for Men & Women (Black, One Size, 1pc) | Gym Equipment | Running, Yo...",women's clothing,Clothing,https://m.media-amazon.com/images/I/51EU2h563mL._AC_UL320_.jpg,https://www.amazon.in/SKUDGEAR-Advanced-Headband-Men-Women/dp/B07F1NVDZ2/ref=sr_1_77_mod_primary_new?qid=1679152742&s=apparel&sbo=RZvfv%2F%2FHxDF%2BO5021pAnSA%3D%3D&sr=1-77,4.2,"5,931",₹225,"₹1,999",A_CLOTH_069,supplier_a
"Fabme Women Lace, Padded Tube Bra - Free Size - 3 Hook Back",women's clothing,Clothing,https://m.media-amazon.com/images/W/IMAGERENDERING_521856-T1/images/I/81tjhOx5UCL._AC_UL320_.jpg,https://www.amazon.in/Fabme-Womens-Strapless-Padded-BR0263_Black_Free/dp/B07HL9PC8T/ref=sr_1_48?qid=1679152740&s=apparel&sr=1-48,3.3,"2,215",₹109,₹699,A_CLOTH_040,supplier_a
