name,main_category,sub_category,image,link,ratings,no_of_ratings,discount_price,actual_price,row_ref
Sparx mens Sd9039g Sneakers,men's shoes,Casual Shoes,https://m.media-amazon.com/images/I/51e48JV2GfL._AC_UL320_.jpg,https://www.amazon.in/Sparx-Casual-Stripped-Sneakers-White/dp/B0B4KF6LFM/ref=sr_1_5?qid=1679148619&s=shoes&sr=1-5,4.0,"1,893",₹499,₹999,A_SHOE_001
Sparx Mens Sm-439 Sneaker,men's shoes,Casual Shoes,https://m.media-amazon.com/images/I/71gVtJPjZZL._AC_UL320_.jpg,https://www.amazon.in/Sparx-SM-439-White-Casual-Shoes/dp/B07Y5BKQ5R/ref=sr_1_6?qid=1679148619&s=shoes&sr=1-6,4.2,"10,388",₹594,₹699,A_SHOE_002
crocs Unisex Adult Slate Grey/Lime Punch Bayaband Clog 205089-0GX M8W10,men's shoes,Casual Shoes,https://m.media-amazon.com/images/I/810I1APNbmL._AC_UL320_.jpg,https://www.amazon.in/crocs-Unisex-Adult-Bayaband-205089-0GX/dp/B0BQHS8L8Z/ref=sr_1_7?qid=1679148619&s=shoes&sr=1-7,,,"₹3,100","₹4,495",A_SHOE_003
crocs Unisex Adult Slate Grey/Lime Punch Bayaband Clog 205089-0GX M9W11,men's shoes,Casual Shoes,https://m.media-amazon.com/images/I/810I1APNbmL._AC_UL320_.jpg,https://www.amazon.in/crocs-Unisex-Adult-Bayaband-205089-0GX/dp/B0BQHT287T/ref=sr_1_8?qid=1679148619&s=shoes&sr=1-8,3.0,2,"₹2,377","₹4,495",A_SHOE_004
crocs unisex-adult Bayaband Clog NAVY/PEPPER Clog - 9 UK Men/ 10 UK Women (M10W12) (205089-4CC),men's shoes,Casual Shoes,https://m.media-amazon.com/images/I/712Brp0hwfL._AC_UL320_.jpg,https://www.amazon.in/Crocs-Bayaband-Pepper-Clogs-9-205089-4CC/dp/B0819RC5HR/ref=sr_1_9?qid=1679148619&s=shoes&sr=1-9,4.3,"3,415","₹1,747","₹3,495",A_SHOE_005
crocs Bayaband Unisex-Adult SLATEGREY/LIMEPUNCH_N Clog - 9 UK Men/ 10 UK Women (M10W12) (205089-0GX),men's shoes,Casual Shoes,https://m.media-amazon.com/images/I/71Va1SsE3rL._AC_UL320_.jpg,https://www.amazon.in/crocs-Bayaband-Unisex-Adult-SLATEGREY-LIMEPUNCH_N/dp/B0BQHW5RWT/ref=sr_1_10?qid=1679148619&s=shoes&sr=1-10,4.5,10,"₹2,271","₹4,495",A_SHOE_006
crocs unisex-adult Bayaband Clog SLATE GREY/LIME PUNCH Clog - 6 UK Men/ 7 UK Women (M7W9) (205089-0GX),men's shoes,Casual Shoes,https://m.media-amazon.com/images/I/61LCRvTH7BL._AC_UL320_.jpg,https://www.amazon.in/crocs-Unisex-Adult-Bayaband-205089-0GX/dp/B0977472N7/ref=sr_1_11?qid=1679148619&s=shoes&sr=1-11,4.1,531,"₹1,922","₹3,495",A_SHOE_007
crocs unisex-adult Bayaband Clog,men's shoes,Casual Shoes,https://m.media-amazon.com/images/I/61A0JAzTUOL._AC_UL320_.jpg,https://www.amazon.in/crocs-Bayaband-Unisex-Adult-White-Navy_N/dp/B0BQHWCY6T/ref=sr_1_12?qid=1679148619&s=shoes&sr=1-12,4.6,5,"₹1,747","₹4,495",A_SHOE_008
"BATA Mens Boss-Slick Formal Shoes, (8516051), Black",men's shoes,Casual Shoes,https://m.media-amazon.com/images/I/71DN-vAkLoL._AC_UL320_.jpg,https://www.amazon.in/BATA-BOSS-Slick-Black-Uniform-8516051/dp/B0987RC4PM/ref=sr_1_13?qid=1679148619&s=shoes&sr=1-13,3.8,"1,721",₹593,"₹1,099",A_SHOE_009
crocs unisex-adult Bayaband Clog Clog,men's shoes,Casual Shoes,https://m.media-amazon.com/images/I/712Brp0hwfL._AC_UL320_.jpg,https://www.amazon.in/Crocs-Bayaband-Pepper-Clogs-8-205089-4CC/dp/B0819S12QN/ref=sr_1_14?qid=1679148619&s=shoes&sr=1-14,4.3,"3,064","₹1,747","₹3,495",A_SHOE_010
Sparx Mens Sd0323g Sneakers,men's shoes,Casual Shoes,https://m.media-amazon.com/images/I/51g6S2XoAcL._AC_UL320_.jpg,https://www.amazon.in/Sparx-Sneakers-9-India-43-33-SD0323G/dp/B077MZ785Q/ref=sr_1_15?qid=1679148619&s=shoes&sr=1-15,4.1,"45,022",₹629,₹899,A_SHOE_011
Sparx Mens Sd0734g Sneaker,men's shoes,Casual Shoes,https://m.media-amazon.com/images/I/61XKno+nU4L._AC_UL320_.jpg,https://www.amazon.in/Sparx-SM-734-White-Casual-SD0734GWHGY0009/dp/B09Y243HBS/ref=sr_1_16?qid=1679148619&s=shoes&sr=1-16,4.1,"1,087",₹679,₹849,A_SHOE_012
crocs unisex-adult Bayaband Clog LEMON/WHITE Clog - 8 UK Men/ 9 UK Women (M9W11) (205089-7B0),men's shoes,Casual Shoes,https://m.media-amazon.com/images/I/61LCRvTH7BL._AC_UL320_.jpg,https://www.amazon.in/crocs-Unisex-Adult-Bayaband-205089-0GX/dp/B09774BYWF/ref=sr_1_17?qid=1679148619&s=shoes&sr=1-17,4.3,52,"₹2,097","₹4,495",A_SHOE_013
crocs Unisex-Adult Literide 360 Clog Tpk Clog,men's shoes,Casual Shoes,https://m.media-amazon.com/images/I/71SLXdbetVL._AC_UL320_.jpg,https://www.amazon.in/crocs-Unisex-Adult-LiteRide-Clog-Black/dp/B0B9C7HLGY/ref=sr_1_18?qid=1679148619&s=shoes&sr=1-18,3.8,"5,201","₹3,477","₹5,995",A_SHOE_014
Hush Puppies Mens Aaron Slip on Sneaker,men's shoes,Casual Shoes,https://m.media-amazon.com/images/I/719nACln0RL._AC_UL320_.jpg,https://www.amazon.in/Hush-Puppies-Aaron-Uniform-8556473/dp/B09WDY7RN7/ref=sr_1_19?qid=1679148619&s=shoes&sr=1-19,3.9,202,"₹3,109","₹3,299",A_SHOE_015
crocs unisex-adult Bayaband Clog LEMON/WHITE Clog - 8 UK Men/ 9 UK Women (M9W11) (205089-7B0),men's shoes,Casual Shoes,https://m.media-amazon.com/images/I/71Y3xpl-GSL._AC_UL320_.jpg,https://www.amazon.in/Crocs-Bayaband-Black-Clogs-7-205089-066/dp/B0819RGGXR/ref=sr_1_20?qid=1679148619&s=shoes&sr=1-20,4.3,852,"₹1,621","₹3,495",A_SHOE_016
Hush Puppies mens Robert Fisherman Fisherman Sandals,men's shoes,Casual Shoes,https://m.media-amazon.com/images/I/81S7w04LbAL._AC_UL320_.jpg,https://www.amazon.in/Hush-Puppies-Fisherman-Sandals-9-8544792/dp/B07X5J8XBT/ref=sr_1_25?qid=1679148619&s=shoes&sr=1-25,4.1,576,,"₹3,999",A_SHOE_017
crocs mens Bayaband Clog Outdoor Sandals,men's shoes,Casual Shoes,https://m.media-amazon.com/images/I/518VMaWPthL._AC_UL320_.jpg,https://www.amazon.in/crocs-Unisex-Pepper-Clogs-M8W10-887350620641/dp/B077G9LC21/ref=sr_1_26?qid=1679148619&s=shoes&sr=1-26,4.2,"1,541","₹1,747","₹3,495",A_SHOE_018
US Polo Association Men's Panal Sneakers,men's shoes,Casual Shoes,https://m.media-amazon.com/images/I/71Qu22EbOTL._AC_UL320_.jpg,https://www.amazon.in/US-Polo-Assn-Sneakers-8-2531918312/dp/B07VKLZN1T/ref=sr_1_27?qid=1679148619&s=shoes&sr=1-27,4.1,"2,789","₹1,799","₹2,999",A_SHOE_019
crocs unisex-adult Bayaband Clog LEMON/WHITE Clog - 8 UK Men/ 9 UK Women (M9W11) (205089-7B0),men's shoes,Casual Shoes,https://m.media-amazon.com/images/I/712Brp0hwfL._AC_UL320_.jpg,https://www.amazon.in/Crocs-Bayaband-Pepper-Clogs-10-205089-4CC/dp/B0819S1TVQ/ref=sr_1_28?qid=1679148619&s=shoes&sr=1-28,4.3,"1,719","₹1,817","₹3,495",A_SHOE_020
Sparx Men's Canvas Sneakers,men's shoes,Casual Shoes,https://m.media-amazon.com/images/I/61VzAAvV6RL._AC_UL320_.jpg,https://www.amazon.in/Sparx-Mens-Navy-Blue-Sneakers/dp/B00IZ95WL0/ref=sr_1_29?qid=1679148619&s=shoes&sr=1-29,4.1,"20,126",₹769,₹949,A_SHOE_021
Crocs Literide Men/ UK Women,men's shoes,Casual Shoes,https://m.media-amazon.com/images/I/71XsVyh3c3L._AC_UL320_.jpg,https://www.amazon.in/crocs-LiteRide-Black-Slate-Clogs/dp/B08CD6X3VW/ref=sr_1_30?qid=1679148619&s=shoes&sr=1-30,3.8,838,"₹2,397","₹4,795",A_SHOE_022
crocs unisex-child Bayaband Clog Clog,men's shoes,Casual Shoes,https://m.media-amazon.com/images/I/71et26STNFL._AC_UL320_.jpg,https://www.amazon.in/crocs-Unisex-Adult-Bayaband-207018-0GX/dp/B09773YYJ4/ref=sr_1_31?qid=1679148619&s=shoes&sr=1-31,3.4,920,"₹1,397","₹2,995",A_SHOE_023
"Kraasa Casual Lace Up Sneaker, Men Casual Shoes",men's shoes,Casual Shoes,https://m.media-amazon.com/images/I/61q9kJgxAHL._AC_UL320_.jpg,https://www.amazon.in/Kraasa-Casual-Sneaker-Shoes-White/dp/B07VRDC8FB/ref=sr_1_32?qid=1679148619&s=shoes&sr=1-32,3.4,"5,967",₹449,₹999,A_SHOE_024
crocs unisex-adult Bayaband Clog LEMON/WHITE Clog - 8 UK Men/ 9 UK Women (M9W11) (205089-7B0),men's shoes,Casual Shoes,https://m.media-amazon.com/images/I/712Brp0hwfL._AC_UL320_.jpg,https://www.amazon.in/Crocs-Bayaband-Pepper-Clogs-6-205089-4CC/dp/B0819RFLJ5/ref=sr_1_33?qid=1679148619&s=shoes&sr=1-33,4.2,681,"₹2,271","₹3,495",A_SHOE_025
crocs unisex-adult Bayaband Clog LEMON/WHITE Clog - 8 UK Men/ 9 UK Women (M9W11) (205089-7B0),men's shoes,Casual Shoes,https://m.media-amazon.com/images/I/712Brp0hwfL._AC_UL320_.jpg,https://www.amazon.in/Crocs-Bayaband-Pepper-Clogs-7-205089-4CC/dp/B0819R324S/ref=sr_1_34?qid=1679148619&s=shoes&sr=1-34,4.2,"1,560","₹1,747","₹3,495",A_SHOE_026
crocs Unisex Adult Bayaband Clog,men's shoes,Casual Shoes,https://m.media-amazon.com/images/I/712Brp0hwfL._AC_UL320_.jpg,https://www.amazon.in/Crocs-Bayaband-Pepper-Clogs-11-205089-4CC/dp/B0819RM7N6/ref=sr_1_35?qid=1679148619&s=shoes&sr=1-35,4.3,942,"₹1,817","₹3,495",A_SHOE_027
crocs unisex-adult Bayaband Clog LEMON/WHITE Clog - 8 UK Men/ 9 UK Women (M9W11) (205089-7B0),men's shoes,Casual Shoes,https://m.media-amazon.com/images/I/71Y3xpl-GSL._AC_UL320_.jpg,https://www.amazon.in/Crocs-Bayaband-Black-Clogs-10-205089-066/dp/B0819RLBRM/ref=sr_1_36?qid=1679148619&s=shoes&sr=1-36,4.3,937,"₹1,922","₹4,495",A_SHOE_028
US Polo Men's Clarkin Sneakers,men's shoes,Casual Shoes,https://m.media-amazon.com/images/I/61UvHy3ovVL._AC_UL320_.jpg,https://www.amazon.in/U-S-Polo-Assn-Clarkin-Sneakers-8-2531910312/dp/B07PTBCC99/ref=sr_1_37?qid=1679148619&s=shoes&sr=1-37,3.8,"3,663","₹1,499","₹2,999",A_SHOE_029
crocs mens Bayaband Clog Outdoor Sandals,men's shoes,Casual Shoes,https://m.media-amazon.com/images/I/518VMaWPthL._AC_UL320_.jpg,https://www.amazon.in/crocs-Unisex-Navy-Pepper-Clogs/dp/B077G7CW33/ref=sr_1_38?qid=1679148619&s=shoes&sr=1-38,4.3,"1,732","₹1,747","₹3,495",A_SHOE_030
Puma Mens Cliff Idp Low Boot,men's shoes,Casual Shoes,https://m.media-amazon.com/images/I/71P6Ez1pDeL._AC_UL320_.jpg,https://www.amazon.in/Puma-Cliff-Casual-Shoe-9-38718608/dp/B09CH5RMFR/ref=sr_1_39?qid=1679148619&s=shoes&sr=1-39,4.0,281,"₹1,709","₹3,499",A_SHOE_031
BATA mens Jazz Beige Sneaker - 8 UK (8598188),men's shoes,Casual Shoes,https://m.media-amazon.com/images/I/91yMrhgxGYL._AC_UL320_.jpg,https://www.amazon.in/BATA-Beige-Canvas-Loafers-8598088/dp/B00SWEF51A/ref=sr_1_40?qid=1679148619&s=shoes&sr=1-40,3.8,158,₹319,₹499,A_SHOE_032
Sparx mens Sd0439g White Sneaker 6 UK SD0439G),men's shoes,Casual Shoes,https://m.media-amazon.com/images/I/6194z5l7q1L._AC_UL320_.jpg,https://www.amazon.in/Sparx-SM-439-White-Casual-Shoes/dp/B07Y58VTWZ/ref=sr_1_41?qid=1679148619&s=shoes&sr=1-41,4.1,991,₹594,₹699,A_SHOE_033
URJO Mens Men_Skipper Clogs,men's shoes,Casual Shoes,https://m.media-amazon.com/images/I/715ZhUpHc4L._AC_UL320_.jpg,https://www.amazon.in/Urjo-Carbon-Clogs-UK-Men_Skipper/dp/B08HHZY58X/ref=sr_1_42?qid=1679148619&s=shoes&sr=1-42,4.0,"5,457",₹699.02,"₹1,799",A_SHOE_034
crocs Unisex Adult Slate Grey/Lime Punch Bayaband Clog 205089-0GX M7W9,men's shoes,Casual Shoes,https://m.media-amazon.com/images/I/810I1APNbmL._AC_UL320_.jpg,https://www.amazon.in/crocs-Unisex-Adult-Bayaband-205089-0GX/dp/B0BQHV4Q4R/ref=sr_1_43?qid=1679148619&s=shoes&sr=1-43,,,"₹2,754","₹4,495",A_SHOE_035
Sparx Men's Running Shoes,men's shoes,Casual Shoes,https://m.media-amazon.com/images/I/71X8gXn3VXL._AC_UL320_.jpg,https://www.amazon.in/Sparx-SM-657-Golden-Running-SX0657GBKGO0008/dp/B08MCT7JTR/ref=sr_1_44?qid=1679148619&s=shoes&sr=1-44,4.2,"4,807","₹1,299","₹1,649",A_SHOE_036
Power Mens Lionel Casual Shoes,men's shoes,Casual Shoes,https://m.media-amazon.com/images/I/81g1MTm9fpL._AC_UL320_.jpg,https://www.amazon.in/Power-Lionel-Running-Shoes-10-8396117/dp/B07S8NN8B8/ref=sr_1_45?qid=1679148619&s=shoes&sr=1-45,3.9,844,₹440,₹999,A_SHOE_037
crocs Mens Bogota Sandal,men's shoes,Casual Shoes,https://m.media-amazon.com/images/I/71xF3I3Df9L._AC_UL320_.jpg,https://www.amazon.in/crocs-Mens-Bogota-Chocolate-207430-200/dp/B0963ZVXY7/ref=sr_1_46?qid=1679148619&s=shoes&sr=1-46,3.9,"1,483","₹2,197","₹3,995",A_SHOE_038
crocs Unisex-Adult Literide Clog Clog,men's shoes,Casual Shoes,https://m.media-amazon.com/images/I/71hU5OqDITL._AC_UL320_.jpg,https://www.amazon.in/Crocs-Literide-Pepper-Clogs-8-204592-4CC/dp/B0819SJM8S/ref=sr_1_47?qid=1679148619&s=shoes&sr=1-47,4.0,"2,046","₹3,596","₹4,795",A_SHOE_039
crocs Unisex-Adult Bayaband Clog Lemon/White Clog - 8 UK Men/ 9 UK Women (M9W11) (205089-7B0),men's shoes,Casual Shoes,https://m.media-amazon.com/images/I/71xKWy8BSzS._AC_UL320_.jpg,https://www.amazon.in/crocs-Black-Clogs-M7W9-206852-001/dp/B08LJRBF2N/ref=sr_1_48?qid=1679148619&s=shoes&sr=1-48,4.2,62,"₹1,897","₹3,795",A_SHOE_040
ASIAN Men's Thunder-01 Casual Sneaker Colour Changing Shoes with Extra Cushion Lightwight Lace-Up Shoes for Men's & Boy's,men's shoes,Casual Shoes,https://m.media-amazon.com/images/I/819Hi4--WzL._AC_UL320_.jpg,https://www.amazon.in/ASIAN-Thunder-01-Sneaker-Changing-Lightwight/dp/B0BWRL3C2D/ref=sr_1_49?qid=1679148619&s=shoes&sr=1-49,3.3,9,₹849,"₹1,199",A_SHOE_041
"BATA Mens Floatz Mens Clog Clogs, (8712733)",men's shoes,Casual Shoes,https://m.media-amazon.com/images/I/61wrPmeKwBL._AC_UL320_.jpg,https://www.amazon.in/BATA-FLOATZ-Mens-Clogs-8719733/dp/B09X152ZY5/ref=sr_1_50?qid=1679148619&s=shoes&sr=1-50,3.9,213,₹701,"₹1,299",A_SHOE_042
Sparx Men's Sm-620 Sneaker,men's shoes,Casual Shoes,https://m.media-amazon.com/images/I/61+q7c44YlL._AC_UL320_.jpg,https://www.amazon.in/Sparx-Mens-Black-Sneakers-SC0620G_BKRD0009/dp/B083NYNTNK/ref=sr_1_51?qid=1679148619&s=shoes&sr=1-51,4.1,"3,136",₹975,"₹1,349",A_SHOE_043
crocs unisex-adult Bayaband Clog Clog,men's shoes,Casual Shoes,https://m.media-amazon.com/images/I/61LCRvTH7BL._AC_UL320_.jpg,https://www.amazon.in/crocs-Unisex-Adult-Bayaband-205089-0GX/dp/B09774R6RL/ref=sr_1_52?qid=1679148619&s=shoes&sr=1-52,4.2,69,"₹1,922","₹3,495",A_SHOE_044
saviours of sneakers Crease Preventers for protection against creases on sneakers (Pack of 1),men's shoes,Casual Shoes,https://m.media-amazon.com/images/I/61Z29A+4jfL._AC_UL320_.jpg,https://www.amazon.in/saviours-sneakers-Preventers-protection-against/dp/B0B362TN2G/ref=sr_1_53?qid=1679148619&s=shoes&sr=1-53,3.8,122,₹350,₹999,A_SHOE_045
